{"cameraMode":{"drawMode":0,"name":"Shaded","section":"Shading Mode"},"sceneLighting":false,"audioPlay":false,"sceneViewState":{"showFog":true,"showMaterialUpdate":false,"showSkybox":false,"showFlares":true,"showImageEffects":true,"showParticleSystems":true,"showVisualEffectGraphs":true,"m_FxEnabled":true},"in2DMode":false,"pivot":{"x":-0.12932652235031129,"y":0.4416119456291199,"z":0.03873542696237564},"rotation":{"x":0.26283326745033266,"y":0.32339799404144289,"z":-0.0940098911523819,"w":0.9041549563407898},"size":0.5042155385017395,"orthographic":true}