{"cameraMode":{"drawMode":0,"name":"Shaded","section":"Shading Mode"},"sceneLighting":false,"audioPlay":false,"sceneViewState":{"showFog":true,"showMaterialUpdate":false,"showSkybox":false,"showFlares":true,"showImageEffects":true,"showParticleSystems":true,"showVisualEffectGraphs":true,"m_FxEnabled":true},"in2DMode":false,"pivot":{"x":-0.31880319118499758,"y":0.32666081190109255,"z":-0.28591960668563845},"rotation":{"x":-0.2923087775707245,"y":-0.402194619178772,"z":0.13725969195365907,"w":-0.8567647337913513},"size":0.005545268300920725,"orthographic":false}