{"cameraMode":{"drawMode":0,"name":"Shaded","section":"Shading Mode"},"sceneLighting":false,"audioPlay":false,"sceneViewState":{"showFog":true,"showMaterialUpdate":false,"showSkybox":false,"showFlares":true,"showImageEffects":true,"showParticleSystems":true,"showVisualEffectGraphs":true,"m_FxEnabled":true},"in2DMode":false,"pivot":{"x":-0.5887676477432251,"y":0.8541371822357178,"z":-0.8240329623222351},"rotation":{"x":0.27759408950805666,"y":0.3665805160999298,"z":-0.11555492877960205,"w":0.8805009126663208},"size":0.6113378405570984,"orthographic":false}