{"cameraMode":{"drawMode":0,"name":"Shaded","section":"Shading Mode"},"sceneLighting":false,"audioPlay":false,"sceneViewState":{"showFog":true,"showMaterialUpdate":false,"showSkybox":false,"showFlares":true,"showImageEffects":true,"showParticleSystems":true,"showVisualEffectGraphs":true,"m_FxEnabled":true},"in2DMode":false,"pivot":{"x":-1.0343481302261353,"y":0.7449203729629517,"z":-0.034313835203647616},"rotation":{"x":-0.4109136760234833,"y":-0.4529227018356323,"z":0.2477111965417862,"w":-0.7515147924423218},"size":0.08660251647233963,"orthographic":false}