{"cameraMode":{"drawMode":0,"name":"Shaded","section":"Shading Mode"},"sceneLighting":false,"audioPlay":false,"sceneViewState":{"showFog":true,"showMaterialUpdate":false,"showSkybox":false,"showFlares":true,"showImageEffects":true,"showParticleSystems":true,"showVisualEffectGraphs":true,"m_FxEnabled":true},"in2DMode":false,"pivot":{"x":0.021431773900985719,"y":0.7931512594223023,"z":-0.31367117166519167},"rotation":{"x":0.17501342296600343,"y":0.3679002821445465,"z":-0.0707155391573906,"w":0.9105130434036255},"size":0.3958953320980072,"orthographic":true}