{"cameraMode":{"drawMode":0,"name":"Shaded","section":"Shading Mode"},"sceneLighting":false,"audioPlay":false,"sceneViewState":{"showFog":true,"showMaterialUpdate":false,"showSkybox":false,"showFlares":true,"showImageEffects":true,"showParticleSystems":true,"showVisualEffectGraphs":true,"m_FxEnabled":true},"in2DMode":false,"pivot":{"x":-0.5435875654220581,"y":0.5846749544143677,"z":0.17210842669010163},"rotation":{"x":0.49285927414894106,"y":-0.28352057933807375,"z":0.17378823459148408,"w":0.8040573000907898},"size":0.28769081830978396,"orthographic":true}