{"cameraMode":{"drawMode":0,"name":"Shaded","section":"Shading Mode"},"sceneLighting":false,"audioPlay":false,"sceneViewState":{"showFog":true,"showMaterialUpdate":false,"showSkybox":false,"showFlares":true,"showImageEffects":true,"showParticleSystems":true,"showVisualEffectGraphs":true,"m_FxEnabled":true},"in2DMode":false,"pivot":{"x":-0.06259268522262573,"y":0.6853644847869873,"z":-0.19768303632736207},"rotation":{"x":0.22952644526958466,"y":0.3736265301704407,"z":-0.09593288600444794,"w":0.8936384916305542},"size":0.3958953320980072,"orthographic":false}