{"cameraMode":{"drawMode":0,"name":"Shaded","section":"Shading Mode"},"sceneLighting":false,"audioPlay":false,"sceneViewState":{"showFog":true,"showMaterialUpdate":false,"showSkybox":false,"showFlares":true,"showImageEffects":true,"showParticleSystems":true,"showVisualEffectGraphs":true,"m_FxEnabled":true},"in2DMode":false,"pivot":{"x":-0.993215799331665,"y":0.5499998331069946,"z":0.040340274572372439},"rotation":{"x":-0.24770955741405488,"y":-0.3644773066043854,"z":0.10127916187047959,"w":-0.892011821269989},"size":0.08660251647233963,"orthographic":false}